{
    "tags": [],
    "is_archived": false,
    "updated_at": "2021-06-03T14:06:08.132Z",
    "is_favorite": false,
    "user": {
        "auth_type": "password",
        "is_disabled": false,
        "updated_at": "2021-08-03T09:39:24.304Z",
        "profile_image_url": "https://www.gravatar.com/avatar/6ad193f57f79ac444c3621370da955e9?s=40&d=identicon",
        "is_invitation_pending": false,
        "groups": [
            1,
            2
        ],
        "id": 1,
        "name": "redash-admin",
        "created_at": "2021-05-06T14:10:38.176Z",
        "disabled_at": null,
        "is_email_verified": true,
        "active_at": "2021-08-03T09:39:08Z",
        "email": "user@mail.com"
    },
    "layout": [],
    "is_draft": false,
    "id": 39,
    "can_edit": true,
    "user_id": 1,
    "name": "Атестовані лабораторії",
    "created_at": "2021-06-03T14:06:06.781Z",
    "slug": "-_38",
    "version": 2,
    "widgets": [
        {
            "visualization": {
                "description": "",
                "created_at": "2021-06-03T14:06:07.158Z",
                "updated_at": "2021-06-03T14:06:08.033Z",
                "id": 564,
                "query": {
                    "user": {
                        "auth_type": "password",
                        "is_disabled": false,
                        "updated_at": "2021-08-03T09:39:24.304Z",
                        "profile_image_url": "https://www.gravatar.com/avatar/6ad193f57f79ac444c3621370da955e9?s=40&d=identicon",
                        "is_invitation_pending": false,
                        "groups": [
                            1,
                            2
                        ],
                        "id": 1,
                        "name": "redash-admin",
                        "created_at": "2021-05-06T14:10:38.176Z",
                        "disabled_at": null,
                        "is_email_verified": true,
                        "active_at": "2021-08-03T09:39:08Z",
                        "email": "user@mail.com"
                    },
                    "created_at": "2021-06-03T14:06:07.158Z",
                    "latest_query_data_id": 25080,
                    "schedule": null,
                    "description": null,
                    "tags": [],
                    "updated_at": "2021-06-03T14:06:07.665Z",
                    "last_modified_by": {
                        "auth_type": "password",
                        "is_disabled": false,
                        "updated_at": "2021-08-03T09:39:24.304Z",
                        "profile_image_url": "https://www.gravatar.com/avatar/6ad193f57f79ac444c3621370da955e9?s=40&d=identicon",
                        "is_invitation_pending": false,
                        "groups": [
                            1,
                            2
                        ],
                        "id": 1,
                        "name": "redash-admin",
                        "created_at": "2021-05-06T14:10:38.176Z",
                        "disabled_at": null,
                        "is_email_verified": true,
                        "active_at": "2021-08-03T09:39:08Z",
                        "email": "user@mail.com"
                    },
                    "options": {
                        "parameters": []
                    },
                    "is_safe": true,
                    "version": 1,
                    "query_hash": "eaf133e0b243ce9363e9180b88d1bd97",
                    "is_archived": false,
                    "query": "select\r\n\tlab.ownership as \"Форма власності\",\r\n\tlab.management as \"Форма господарювання\",\r\n\tcount(0) as \"Кількість\"\r\nfrom report_laboratory_v lab\r\ngroup by cube (lab.ownership, lab.management)\r\norder by lab.ownership, lab.management",
                    "api_key": "eENORyeIjrqhb3hxnHeQyeOJDWcNvxfUsvusqUPb",
                    "is_draft": false,
                    "id": 563,
                    "data_source_id": 1,
                    "name": "Кількість лабораторій в розрізі форм власності і господарювання"
                },
                "type": "TABLE",
                "options": {},
                "name": "Table"
            },
            "text": "",
            "created_at": "2021-06-03T14:06:08.033Z",
            "updated_at": "2021-08-03T09:38:38.724Z",
            "options": {
                "parameterMappings": {},
                "isHidden": false,
                "position": {
                    "autoHeight": false,
                    "sizeX": 2,
                    "sizeY": 9,
                    "maxSizeY": 1000,
                    "maxSizeX": 6,
                    "minSizeY": 1,
                    "minSizeX": 2,
                    "col": 4,
                    "row": 5
                }
            },
            "dashboard_id": 39,
            "width": 1,
            "id": 90
        },
        {
            "visualization": {
                "description": "",
                "created_at": "2021-06-03T14:06:06.941Z",
                "updated_at": "2021-06-03T14:06:07.892Z",
                "id": 562,
                "query": {
                    "user": {
                        "auth_type": "password",
                        "is_disabled": false,
                        "updated_at": "2021-08-03T09:39:24.304Z",
                        "profile_image_url": "https://www.gravatar.com/avatar/6ad193f57f79ac444c3621370da955e9?s=40&d=identicon",
                        "is_invitation_pending": false,
                        "groups": [
                            1,
                            2
                        ],
                        "id": 1,
                        "name": "redash-admin",
                        "created_at": "2021-05-06T14:10:38.176Z",
                        "disabled_at": null,
                        "is_email_verified": true,
                        "active_at": "2021-08-03T09:39:08Z",
                        "email": "user@mail.com"
                    },
                    "created_at": "2021-06-03T14:06:06.941Z",
                    "latest_query_data_id": 25079,
                    "schedule": null,
                    "description": null,
                    "tags": [],
                    "updated_at": "2021-06-03T14:06:07.490Z",
                    "last_modified_by": {
                        "auth_type": "password",
                        "is_disabled": false,
                        "updated_at": "2021-08-03T09:39:24.304Z",
                        "profile_image_url": "https://www.gravatar.com/avatar/6ad193f57f79ac444c3621370da955e9?s=40&d=identicon",
                        "is_invitation_pending": false,
                        "groups": [
                            1,
                            2
                        ],
                        "id": 1,
                        "name": "redash-admin",
                        "created_at": "2021-05-06T14:10:38.176Z",
                        "disabled_at": null,
                        "is_email_verified": true,
                        "active_at": "2021-08-03T09:39:08Z",
                        "email": "user@mail.com"
                    },
                    "options": {
                        "parameters": []
                    },
                    "is_safe": true,
                    "version": 1,
                    "query_hash": "2a0bd04ba4ddf234ad3c478ab97b24d8",
                    "is_archived": false,
                    "query": "select\r\n    count(case when lab.accreditation_flag then 1 else null end) as \"Акредитовано\",\r\n    count(case when lab.accreditation_flag then null else 1 end) as \"Не акредитовано\",\r\n    count(0) as \"Всього\"\r\nfrom report_laboratory_v lab",
                    "api_key": "8SvjNbjQAeZtLHy14Gtt16YtCwwgioLOfuTXPQSE",
                    "is_draft": false,
                    "id": 561,
                    "data_source_id": 1,
                    "name": "Кількість акредитованих лабораторій"
                },
                "type": "TABLE",
                "options": {},
                "name": "Table"
            },
            "text": "",
            "created_at": "2021-06-03T14:06:07.892Z",
            "updated_at": "2021-06-03T14:06:07.892Z",
            "options": {
                "parameterMappings": {},
                "isHidden": false,
                "position": {
                    "autoHeight": true,
                    "sizeX": 2,
                    "sizeY": 5,
                    "maxSizeY": 1000,
                    "maxSizeX": 6,
                    "minSizeY": 1,
                    "minSizeX": 2,
                    "col": 4,
                    "row": 0
                }
            },
            "dashboard_id": 39,
            "width": 1,
            "id": 89
        },
        {
            "visualization": {
                "description": "",
                "created_at": "2021-06-03T14:06:07.043Z",
                "updated_at": "2021-06-03T14:06:07.749Z",
                "id": 563,
                "query": {
                    "user": {
                        "auth_type": "password",
                        "is_disabled": false,
                        "updated_at": "2021-08-03T09:39:24.304Z",
                        "profile_image_url": "https://www.gravatar.com/avatar/6ad193f57f79ac444c3621370da955e9?s=40&d=identicon",
                        "is_invitation_pending": false,
                        "groups": [
                            1,
                            2
                        ],
                        "id": 1,
                        "name": "redash-admin",
                        "created_at": "2021-05-06T14:10:38.176Z",
                        "disabled_at": null,
                        "is_email_verified": true,
                        "active_at": "2021-08-03T09:39:08Z",
                        "email": "user@mail.com"
                    },
                    "created_at": "2021-06-03T14:06:07.043Z",
                    "latest_query_data_id": null,
                    "schedule": null,
                    "description": null,
                    "tags": [],
                    "updated_at": "2021-08-02T15:07:02.659Z",
                    "last_modified_by": {
                        "auth_type": "password",
                        "is_disabled": false,
                        "updated_at": "2021-08-03T09:39:24.304Z",
                        "profile_image_url": "https://www.gravatar.com/avatar/6ad193f57f79ac444c3621370da955e9?s=40&d=identicon",
                        "is_invitation_pending": false,
                        "groups": [
                            1,
                            2
                        ],
                        "id": 1,
                        "name": "redash-admin",
                        "created_at": "2021-05-06T14:10:38.176Z",
                        "disabled_at": null,
                        "is_email_verified": true,
                        "active_at": "2021-08-03T09:39:08Z",
                        "email": "user@mail.com"
                    },
                    "options": {
                        "parameters": [
                            {
                                "name": "lab_name",
                                "title": "Назва лабораторії",
                                "global": false,
                                "value": "*",
                                "locals": [],
                                "type": "text",
                                "parentQueryId": 562
                            },
                            {
                                "name": "lab_region",
                                "title": "Вибір області",
                                "global": false,
                                "value": "0000000000",
                                "queryId": 557,
                                "parentQueryId": 562,
                                "type": "query",
                                "locals": []
                            },
                            {
                                "name": "lab_town",
                                "title": "Населений пункт",
                                "global": false,
                                "value": "00000000-0000-0000-0000-000000000000",
                                "queryId": 558,
                                "parentQueryId": 562,
                                "type": "query",
                                "locals": []
                            },
                            {
                                "name": "lab_ownership",
                                "title": "Вибір форми власності",
                                "global": false,
                                "value": "00000000-0000-0000-0000-000000000000",
                                "queryId": 555,
                                "parentQueryId": 562,
                                "type": "query",
                                "locals": []
                            },
                            {
                                "name": "lab_management",
                                "multiValuesOptions": {
                                    "prefix": "'",
                                    "separator": ",",
                                    "suffix": "'"
                                },
                                "global": false,
                                "value": [
                                    "00000000-0000-0000-0000-000000000000"
                                ],
                                "queryId": 560,
                                "parentQueryId": 562,
                                "title": "Вибір форми господарювання",
                                "type": "query",
                                "locals": []
                            },
                            {
                                "name": "certified",
                                "title": "Атестація лабораторії",
                                "value": "Атестовано",
                                "enumOptions": "( Всі значення )\nАтестовано\nНе атестовано",
                                "locals": [],
                                "type": "enum",
                                "parentQueryId": 562
                            },
                            {
                                "name": "lab_accreditation_flag",
                                "title": "Акредитація лабораторії",
                                "global": false,
                                "value": "( Всі значення )",
                                "enumOptions": "( Всі значення )\nАкредитовано\nНе акредитовано",
                                "parentQueryId": 562,
                                "type": "enum",
                                "locals": []
                            },
                            {
                                "name": "lon_solution_date",
                                "title": "Дата внесення",
                                "global": false,
                                "value": {
                                    "start": "2016-01-01",
                                    "end": "2021-12-31"
                                },
                                "locals": [],
                                "type": "date-range",
                                "parentQueryId": 562
                            },
                            {
                                "name": "loff_solution_date",
                                "title": "Дата виключення",
                                "global": false,
                                "value": {
                                    "start": "2018-01-01",
                                    "end": "2021-12-31"
                                },
                                "locals": [],
                                "type": "date-range",
                                "parentQueryId": 562
                            }
                        ]
                    },
                    "is_safe": false,
                    "version": 1,
                    "query_hash": "68f47098df14ce1d4d9b93a611b37d42",
                    "is_archived": false,
                    "query": "with recursive\r\ncte_application_on as (\r\n    select\r\n        application_type_id\r\n    from report_application_type_v\r\n    where name = 'Первинне визнання лабораторії атестованою'\r\n),\r\ncte_application_off as (\r\n    select\r\n        application_type_id\r\n    from report_application_type_v\r\n    where name = 'Виключення з переліку атестованих'\r\n),\r\ncte_solution_on as (\r\n    select\r\n        solution_type_id\r\n    from report_solution_type_v\r\n    where name = 'Внести до інформаційного переліку'\r\n),\r\ncte_solution_off as (\r\n    select\r\n        solution_type_id\r\n    from report_solution_type_v\r\n    where name = 'Виключити з інформаційного переліку'\r\n),\r\ncte_registration_on_rank as (\r\n    select\r\n        rank() over (PARTITION by r.laboratory_id order by r.solution_date nulls last) as rn,\r\n        rank() over (PARTITION by r.laboratory_id order by r.solution_date desc nulls last) as rn_desc,\r\n        r.laboratory_id,\r\n        r.solution_type_id,\r\n        r.solution_date,\r\n        true as solution_flag\r\n    from report_simple_registration_v as r\r\n        join cte_application_on as an\r\n            on an.application_type_id = r.application_type_id\r\n        join cte_solution_on as sn\r\n            on sn.solution_type_id = r.solution_type_id\r\n),\r\ncte_registration_off_rank as (\r\n    select\r\n        rank() over (PARTITION by r.laboratory_id order by r.solution_date nulls last) as rn,\r\n        rank() over (PARTITION by r.laboratory_id order by r.solution_date desc nulls last) as rn_desc,\r\n        r.laboratory_id,\r\n        r.solution_type_id,\r\n        r.solution_date,\r\n        false as solution_flag\r\n    from report_simple_registration_v as r\r\n        join cte_application_off as af\r\n            on af.application_type_id = r.application_type_id\r\n        join cte_solution_off as sf\r\n            on sf.solution_type_id = r.solution_type_id\r\n),\r\ncte_registrations as (\r\n    select\r\n        n.rn,\r\n        n.laboratory_id,\r\n        n.solution_date,\r\n        n.solution_type_id,\r\n        n.solution_flag\r\n    from cte_registration_on_rank as n\r\n    union all\r\n    select\r\n        f.rn,\r\n        f.laboratory_id,\r\n        f.solution_date,\r\n        f.solution_type_id,\r\n        f.solution_flag\r\n    from cte_registration_off_rank as f\r\n),\r\ncte_sort_registrations as (\r\n    select \r\n        1 as nom,\r\n        *\r\n    from cte_registrations as r\r\n    where r.rn = 1 and r.solution_flag\r\n    union\r\n    select\r\n        cr.nom + 1 as nom,\r\n        ca.*\r\n    from cte_registrations as ca\r\n        join cte_sort_registrations as cr\r\n            on ca.laboratory_id = cr.laboratory_id\r\n                and ca.solution_flag = (not cr.solution_flag)\r\n                and ca.rn = case when cr.solution_flag then cr.rn else cr.rn + 1 end\r\n),\r\ncte_last_solution_rank as (\r\n    select\r\n        rank() over(partition by r.laboratory_id order by r.nom desc) as rn,\r\n        r.laboratory_id,\r\n        r.solution_date,\r\n        r.solution_type_id,\r\n        r.solution_flag\r\n    from cte_sort_registrations as r\r\n),\r\ncte_last_solution as (\r\n    select\r\n        r.laboratory_id,\r\n        r.solution_date,\r\n        r.solution_type_id,\r\n        r.solution_flag as certified,\r\n        n.solution_date as solution_date_on,\r\n        f.solution_date as solution_date_off\r\n    from cte_last_solution_rank as r\r\n        join cte_registration_on_rank as n\r\n            on r.laboratory_id = n.laboratory_id\r\n                and n.rn_desc = 1\r\n        left join cte_registration_off_rank as f\r\n            on r.laboratory_id = f.laboratory_id\r\n                and f.rn_desc = 1\r\n    where r.rn = 1\r\n),\r\ncte_registration as (\r\n    select\r\n        r.laboratory_id,\r\n        unnest(r.factors) as factor_id\r\n    from report_simple_registration_v as r\r\n        join cte_solution_on as sn\r\n            on r.solution_type_id = sn.solution_type_id\r\n        join cte_last_solution as ls\r\n            on r.laboratory_id = ls.laboratory_id\r\n                and r.solution_date >= ls.solution_date\r\n                and ls.certified\r\n),\r\ncte_factors as (\r\n    SELECT\r\n        fct.factor_id,\r\n        CASE\r\n            WHEN fct.factor_type = 'Фізичний'::text THEN fct.name\r\n            ELSE NULL::text\r\n        END AS fiz_name,\r\n        CASE\r\n            WHEN fct.factor_type ~~ 'Біологічний%'::text THEN fct.name\r\n            ELSE NULL::text\r\n        END AS bio_name,\r\n        CASE\r\n            WHEN fct.factor_type ~~ 'Хімічний%'::text OR fct.factor_type = 'Пестициди'::text THEN fct.name\r\n            ELSE NULL::text\r\n        END AS him_name,\r\n        CASE\r\n            WHEN fct.factor_type = 'Трудового процесу'::text THEN fct.name\r\n            ELSE NULL::text\r\n        END AS trud_name\r\n    FROM report_factor_v as fct),\r\ncte_factor as (\r\n    select \r\n        l.laboratory_id,\r\n        string_agg(f.fiz_name, ', ') as fiz_factor_name,\r\n        string_agg(f.bio_name, ', ') as bio_factor_name,\r\n        string_agg(f.him_name, ', ') as him_factor_name,\r\n        string_agg(f.trud_name, ', ') as trud_factor_name\r\n    from cte_registration as l\r\n        left join cte_factors as f on f.factor_id = l.factor_id\r\n    group by l.laboratory_id\r\n)select\r\n    row_number() over(order by lab.name) as \"№ з.п.\",\r\n    lab.name as \"Назва лабораторії\",\r\n    lab.region as \"Область\",\r\n    lab.town as \"Населений пункт\",\r\n    lab.address as \"Адреса\",\r\n    lab.phone_number as \"Телефон\",\r\n    lab.ownership as \"Форма власності\",\r\n    lab.management as \"Форма господарювання\",\r\n    fc.fiz_factor_name as \"Перелік фізичних факторів\",\r\n    fc.him_factor_name as \"Перелік хімічних факторів\",\r\n    fc.bio_factor_name as \"Перелік біологічних факторів\",\r\n    fc.trud_factor_name as \"Перелік факторів труд. процесу\",\r\n    ls.certified as \"Атестація лабораторії\",\r\n    ls.solution_date_on as \"Дата внесення\",\r\n    ls.solution_date_off as \"Дата виключення\",\r\n    lab.accreditation_flag as \"Акредитація лабораторії\",\r\n    lab.accreditation_end_date as \"Дата закінчення акредитації\"\r\nfrom report_laboratory_v as lab\r\n    join cte_last_solution as ls\r\n        on ls.laboratory_id = lab.laboratory_id\r\n    left join cte_factor as fc\r\n        on fc.laboratory_id = lab.laboratory_id\r\nwhere\r\n    lower(lab.name) ~ case when '{{ lab_name }}' = '*' then '.*' else lower('{{ lab_name }}') end\r\n    and ('{{ lab_region }}' = '0000000000' OR lab.obl_code = '{{ lab_region }}')\r\n    and ('{{ lab_town }}' = uuid_nil() OR lab.koatuu_id = '{{ lab_town }}')\r\n    and ('{{ lab_ownership }}' = uuid_nil() OR lab.ownership_id = '{{ lab_ownership }}')\r\n    and (uuid_nil() in ({{ lab_management }}) OR lab.kopfg_id in ({{ lab_management }}))\r\n    and ('{{ certified }}' = '( Всі значення )' or ls.certified = case when '{{ certified }}' = 'Атестовано' then true when '{{ certified }}' = 'Не атестовано' then false end)\r\n    and ('{{ lab_accreditation_flag }}' = '( Всі значення )' or lab.accreditation_flag = case when '{{ lab_accreditation_flag }}' = 'Акредитовано' then true when '{{ lab_accreditation_flag }}' = 'Не акредитовано' then false end)\r\n    and coalesce(ls.solution_date_on, '{{ lon_solution_date.end }}') between '{{ lon_solution_date.start }}' and '{{ lon_solution_date.end }}'\r\n    and coalesce(ls.solution_date_off, '{{ loff_solution_date.end }}') between '{{ loff_solution_date.start }}' and '{{ loff_solution_date.end }}'\r\norder by lab.name;",
                    "api_key": "pN5sKuQISOv88YACiJNr8KuqMcVzkGH2zTOei445",
                    "is_draft": false,
                    "id": 562,
                    "data_source_id": 1,
                    "name": "Інформація про атестовані лабораторії"
                },
                "type": "TABLE",
                "options": {
                    "itemsPerPage": 25,
                    "columns": [
                        {
                            "linkUrlTemplate": "{{ @ }}",
                            "name": "№ з.п.",
                            "numberFormat": "0,0",
                            "title": "№ з.п.",
                            "imageUrlTemplate": "{{ @ }}",
                            "linkOpenInNewTab": true,
                            "linkTextTemplate": "{{ @ }}",
                            "allowSearch": false,
                            "allowHTML": true,
                            "imageTitleTemplate": "{{ @ }}",
                            "imageWidth": "",
                            "visible": true,
                            "alignContent": "right",
                            "imageHeight": "",
                            "highlightLinks": false,
                            "displayAs": "number",
                            "linkTitleTemplate": "{{ @ }}",
                            "booleanValues": [
                                "false",
                                "true"
                            ],
                            "type": "integer",
                            "order": 100000
                        },
                        {
                            "linkUrlTemplate": "{{ @ }}",
                            "name": "Назва лабораторії",
                            "title": "Назва лабораторії",
                            "imageUrlTemplate": "{{ @ }}",
                            "linkOpenInNewTab": true,
                            "linkTextTemplate": "{{ @ }}",
                            "allowSearch": false,
                            "allowHTML": true,
                            "imageTitleTemplate": "{{ @ }}",
                            "imageWidth": "",
                            "visible": true,
                            "alignContent": "left",
                            "imageHeight": "",
                            "order": 100001,
                            "displayAs": "string",
                            "linkTitleTemplate": "{{ @ }}",
                            "booleanValues": [
                                "false",
                                "true"
                            ],
                            "type": "string",
                            "highlightLinks": false
                        },
                        {
                            "linkUrlTemplate": "{{ @ }}",
                            "name": "Область",
                            "title": "Область",
                            "imageUrlTemplate": "{{ @ }}",
                            "linkOpenInNewTab": true,
                            "linkTextTemplate": "{{ @ }}",
                            "allowSearch": false,
                            "allowHTML": true,
                            "imageTitleTemplate": "{{ @ }}",
                            "imageWidth": "",
                            "visible": true,
                            "alignContent": "left",
                            "imageHeight": "",
                            "order": 100002,
                            "displayAs": "string",
                            "linkTitleTemplate": "{{ @ }}",
                            "booleanValues": [
                                "false",
                                "true"
                            ],
                            "type": "string",
                            "highlightLinks": false
                        },
                        {
                            "linkUrlTemplate": "{{ @ }}",
                            "name": "Населений пункт",
                            "title": "Населений пункт",
                            "imageUrlTemplate": "{{ @ }}",
                            "linkOpenInNewTab": true,
                            "linkTextTemplate": "{{ @ }}",
                            "allowSearch": false,
                            "allowHTML": true,
                            "imageTitleTemplate": "{{ @ }}",
                            "imageWidth": "",
                            "visible": true,
                            "alignContent": "left",
                            "imageHeight": "",
                            "order": 100003,
                            "displayAs": "string",
                            "linkTitleTemplate": "{{ @ }}",
                            "booleanValues": [
                                "false",
                                "true"
                            ],
                            "type": "string",
                            "highlightLinks": false
                        },
                        {
                            "linkUrlTemplate": "{{ @ }}",
                            "name": "Адреса",
                            "title": "Адреса",
                            "imageUrlTemplate": "{{ @ }}",
                            "linkOpenInNewTab": true,
                            "linkTextTemplate": "{{ @ }}",
                            "allowSearch": false,
                            "allowHTML": true,
                            "imageTitleTemplate": "{{ @ }}",
                            "imageWidth": "",
                            "visible": true,
                            "alignContent": "left",
                            "imageHeight": "",
                            "order": 100004,
                            "displayAs": "string",
                            "linkTitleTemplate": "{{ @ }}",
                            "booleanValues": [
                                "false",
                                "true"
                            ],
                            "type": "string",
                            "highlightLinks": false
                        },
                        {
                            "linkUrlTemplate": "{{ @ }}",
                            "name": "Телефон",
                            "title": "Телефон",
                            "imageUrlTemplate": "{{ @ }}",
                            "linkOpenInNewTab": true,
                            "linkTextTemplate": "{{ @ }}",
                            "allowSearch": false,
                            "allowHTML": true,
                            "imageTitleTemplate": "{{ @ }}",
                            "imageWidth": "",
                            "visible": true,
                            "alignContent": "left",
                            "imageHeight": "",
                            "order": 100005,
                            "displayAs": "string",
                            "linkTitleTemplate": "{{ @ }}",
                            "booleanValues": [
                                "false",
                                "true"
                            ],
                            "type": "string",
                            "highlightLinks": false
                        },
                        {
                            "linkUrlTemplate": "{{ @ }}",
                            "name": "Форма власності",
                            "title": "Форма власності",
                            "imageUrlTemplate": "{{ @ }}",
                            "linkOpenInNewTab": true,
                            "linkTextTemplate": "{{ @ }}",
                            "allowSearch": false,
                            "allowHTML": true,
                            "imageTitleTemplate": "{{ @ }}",
                            "imageWidth": "",
                            "visible": true,
                            "alignContent": "left",
                            "imageHeight": "",
                            "order": 100006,
                            "displayAs": "string",
                            "linkTitleTemplate": "{{ @ }}",
                            "booleanValues": [
                                "false",
                                "true"
                            ],
                            "type": "string",
                            "highlightLinks": false
                        },
                        {
                            "linkUrlTemplate": "{{ @ }}",
                            "name": "Форма господарювання",
                            "title": "Форма господарювання",
                            "imageUrlTemplate": "{{ @ }}",
                            "linkOpenInNewTab": true,
                            "linkTextTemplate": "{{ @ }}",
                            "allowSearch": false,
                            "allowHTML": true,
                            "imageTitleTemplate": "{{ @ }}",
                            "imageWidth": "",
                            "visible": true,
                            "alignContent": "left",
                            "imageHeight": "",
                            "order": 100007,
                            "displayAs": "string",
                            "linkTitleTemplate": "{{ @ }}",
                            "booleanValues": [
                                "false",
                                "true"
                            ],
                            "type": "string",
                            "highlightLinks": false
                        },
                        {
                            "linkUrlTemplate": "{{ @ }}",
                            "name": "Перелік фізичних факторів",
                            "title": "Перелік фізичних факторів",
                            "imageUrlTemplate": "{{ @ }}",
                            "linkOpenInNewTab": true,
                            "linkTextTemplate": "{{ @ }}",
                            "allowSearch": false,
                            "allowHTML": true,
                            "imageTitleTemplate": "{{ @ }}",
                            "imageWidth": "",
                            "visible": true,
                            "alignContent": "left",
                            "imageHeight": "",
                            "order": 100008,
                            "displayAs": "string",
                            "linkTitleTemplate": "{{ @ }}",
                            "booleanValues": [
                                "false",
                                "true"
                            ],
                            "type": "string",
                            "highlightLinks": false
                        },
                        {
                            "linkUrlTemplate": "{{ @ }}",
                            "name": "Перелік хімічних факторів",
                            "title": "Перелік хімічних факторів",
                            "imageUrlTemplate": "{{ @ }}",
                            "linkOpenInNewTab": true,
                            "linkTextTemplate": "{{ @ }}",
                            "allowSearch": false,
                            "allowHTML": true,
                            "imageTitleTemplate": "{{ @ }}",
                            "imageWidth": "",
                            "visible": true,
                            "alignContent": "left",
                            "imageHeight": "",
                            "order": 100009,
                            "displayAs": "string",
                            "linkTitleTemplate": "{{ @ }}",
                            "booleanValues": [
                                "false",
                                "true"
                            ],
                            "type": "string",
                            "highlightLinks": false
                        },
                        {
                            "linkUrlTemplate": "{{ @ }}",
                            "name": "Перелік біологічних факторів",
                            "title": "Перелік біологічних факторів",
                            "imageUrlTemplate": "{{ @ }}",
                            "linkOpenInNewTab": true,
                            "linkTextTemplate": "{{ @ }}",
                            "allowSearch": false,
                            "allowHTML": true,
                            "imageTitleTemplate": "{{ @ }}",
                            "imageWidth": "",
                            "visible": true,
                            "alignContent": "left",
                            "imageHeight": "",
                            "order": 100010,
                            "displayAs": "string",
                            "linkTitleTemplate": "{{ @ }}",
                            "booleanValues": [
                                "false",
                                "true"
                            ],
                            "type": "string",
                            "highlightLinks": false
                        },
                        {
                            "linkUrlTemplate": "{{ @ }}",
                            "name": "Перелік факторів трудового процес",
                            "title": "Перелік факторів трудового процес",
                            "imageUrlTemplate": "{{ @ }}",
                            "linkOpenInNewTab": true,
                            "linkTextTemplate": "{{ @ }}",
                            "allowSearch": false,
                            "allowHTML": true,
                            "imageTitleTemplate": "{{ @ }}",
                            "imageWidth": "",
                            "visible": true,
                            "alignContent": "left",
                            "imageHeight": "",
                            "order": 100011,
                            "displayAs": "string",
                            "linkTitleTemplate": "{{ @ }}",
                            "booleanValues": [
                                "false",
                                "true"
                            ],
                            "type": "string",
                            "highlightLinks": false
                        },
                        {
                            "linkUrlTemplate": "{{ @ }}",
                            "name": "Атестація лабораторії",
                            "title": "Атестація лабораторії",
                            "imageUrlTemplate": "{{ @ }}",
                            "linkOpenInNewTab": true,
                            "linkTextTemplate": "{{ @ }}",
                            "allowSearch": false,
                            "allowHTML": true,
                            "imageTitleTemplate": "{{ @ }}",
                            "imageWidth": "",
                            "visible": true,
                            "alignContent": "right",
                            "imageHeight": "",
                            "order": 100012,
                            "displayAs": "boolean",
                            "linkTitleTemplate": "{{ @ }}",
                            "booleanValues": [
                                "Ні",
                                "Так"
                            ],
                            "type": "boolean",
                            "highlightLinks": false
                        },
                        {
                            "linkUrlTemplate": "{{ @ }}",
                            "name": "Дата внесення",
                            "title": "Дата внесення",
                            "imageUrlTemplate": "{{ @ }}",
                            "linkOpenInNewTab": true,
                            "linkTextTemplate": "{{ @ }}",
                            "allowSearch": false,
                            "allowHTML": true,
                            "imageTitleTemplate": "{{ @ }}",
                            "imageWidth": "",
                            "visible": true,
                            "alignContent": "right",
                            "imageHeight": "",
                            "order": 100013,
                            "displayAs": "datetime",
                            "dateTimeFormat": "DD.MM.YYYY",
                            "linkTitleTemplate": "{{ @ }}",
                            "booleanValues": [
                                "false",
                                "true"
                            ],
                            "type": "date",
                            "highlightLinks": false
                        },
                        {
                            "linkUrlTemplate": "{{ @ }}",
                            "name": "Дата виключення",
                            "title": "Дата виключення",
                            "imageUrlTemplate": "{{ @ }}",
                            "linkOpenInNewTab": true,
                            "linkTextTemplate": "{{ @ }}",
                            "allowSearch": false,
                            "allowHTML": true,
                            "imageTitleTemplate": "{{ @ }}",
                            "imageWidth": "",
                            "visible": true,
                            "alignContent": "right",
                            "imageHeight": "",
                            "order": 100014,
                            "displayAs": "datetime",
                            "dateTimeFormat": "DD.MM.YYYY",
                            "linkTitleTemplate": "{{ @ }}",
                            "booleanValues": [
                                "false",
                                "true"
                            ],
                            "type": "date",
                            "highlightLinks": false
                        },
                        {
                            "linkUrlTemplate": "{{ @ }}",
                            "name": "Акредитація лабораторії",
                            "title": "Акредитація лабораторії",
                            "imageUrlTemplate": "{{ @ }}",
                            "linkOpenInNewTab": true,
                            "linkTextTemplate": "{{ @ }}",
                            "allowSearch": false,
                            "allowHTML": true,
                            "imageTitleTemplate": "{{ @ }}",
                            "imageWidth": "",
                            "visible": true,
                            "alignContent": "right",
                            "imageHeight": "",
                            "order": 100015,
                            "displayAs": "boolean",
                            "linkTitleTemplate": "{{ @ }}",
                            "booleanValues": [
                                "Ні",
                                "Так"
                            ],
                            "type": "boolean",
                            "highlightLinks": false
                        },
                        {
                            "linkUrlTemplate": "{{ @ }}",
                            "name": "Дата закінчення акредитації",
                            "title": "Дата закінчення акредитації",
                            "imageUrlTemplate": "{{ @ }}",
                            "linkOpenInNewTab": true,
                            "linkTextTemplate": "{{ @ }}",
                            "allowSearch": false,
                            "allowHTML": true,
                            "imageTitleTemplate": "{{ @ }}",
                            "imageWidth": "",
                            "visible": true,
                            "alignContent": "right",
                            "imageHeight": "",
                            "order": 100016,
                            "displayAs": "datetime",
                            "dateTimeFormat": "DD.MM.YYYY",
                            "linkTitleTemplate": "{{ @ }}",
                            "booleanValues": [
                                "false",
                                "true"
                            ],
                            "type": "date",
                            "highlightLinks": false
                        }
                    ]
                },
                "name": "Table"
            },
            "text": "",
            "created_at": "2021-06-03T14:06:07.749Z",
            "updated_at": "2021-06-03T14:06:07.749Z",
            "options": {
                "parameterMappings": {
                    "loff_solution_date": {
                        "type": "dashboard-level",
                        "mapTo": "loff_solution_date",
                        "name": "loff_solution_date",
                        "title": ""
                    },
                    "lab_accreditation_flag": {
                        "type": "dashboard-level",
                        "mapTo": "lab_accreditation_flag",
                        "name": "lab_accreditation_flag",
                        "title": ""
                    },
                    "lab_ownership": {
                        "type": "dashboard-level",
                        "mapTo": "lab_ownership",
                        "name": "lab_ownership",
                        "title": ""
                    },
                    "lab_management": {
                        "type": "dashboard-level",
                        "mapTo": "lab_management",
                        "name": "lab_management",
                        "title": ""
                    },
                    "lab_name": {
                        "type": "dashboard-level",
                        "mapTo": "lab_name",
                        "name": "lab_name",
                        "title": ""
                    },
                    "lab_town": {
                        "type": "dashboard-level",
                        "mapTo": "lab_town",
                        "name": "lab_town",
                        "title": ""
                    },
                    "certified": {
                        "type": "dashboard-level",
                        "mapTo": "certified",
                        "name": "certified",
                        "title": ""
                    },
                    "lon_solution_date": {
                        "type": "dashboard-level",
                        "mapTo": "lon_solution_date",
                        "name": "lon_solution_date",
                        "title": ""
                    },
                    "lab_region": {
                        "type": "dashboard-level",
                        "mapTo": "lab_region",
                        "name": "lab_region",
                        "title": ""
                    }
                },
                "isHidden": false,
                "position": {
                    "autoHeight": false,
                    "sizeX": 4,
                    "sizeY": 14,
                    "maxSizeY": 1000,
                    "maxSizeX": 6,
                    "minSizeY": 1,
                    "minSizeX": 2,
                    "col": 0,
                    "row": 0
                }
            },
            "dashboard_id": 39,
            "width": 1,
            "id": 88
        }
    ],
    "dashboard_filters_enabled": false
}